product_id,price,order_item_id
1,399.9,1
1,142.47,1
6,293.99,6
1,35.0,1
5,138.6,5
68,6610.58,68
2,40.0,2
6,148.59,6
7,464.0,7
109,14439.82,109
97,12650.07,97
24,1552.0,24
35,3965.42,35
51,861.9,51
57,17212.49,57
6,2368.8,6
1,49.0,1
4,434.96000000000004,4
48,847.35,48
79,10292.310000000001,79
20,1610.33,20
136,20758.38,136
5,1096.7,5
79,3883.91,79
512,45029.15,512
142,19492.51,142
1,80.0,1
5,507.75,5
234,56828.09,234
46,10790.85,46
33,4215.09,33
4,1188.79,4
10,724.72,10
4,262.7,4
30,7595.87,30
24,2528.8,24
31,2559.31,31
23,3446.9,23
317,26178.23,317
620,41300.11,620
9,359.33,9
6,510.0,6
1,47.4,1
22,3612.7200000000003,22
194,25617.69,194
1,248.0,1
5,849.5,5
3,507.0,3
30,5769.93,30
5,539.7,5
1,170.0,1
1,69.9,1
35,11366.5,35
27,2921.35,27
5,257.25,5
58,4609.7,58
2,36.49,2
1,23.9,1
474,196053.17,474
62,5693.53,62
192,21841.79,192
135,6018.97,135
2,299.9,2
1,178.9,1
2593,207671.23,2593
32,2999.09,32
71,4702.96,71
306,26818.63,306
134,11729.85,134
488,43632.840000000004,488
11,2243.9,11
3,9399.97,3
18,908.2,18
2,101.9,2
3,161.7,3
94,60130.6,94
6,696.0,6
511,40347.64,511
134,13485.51,134
23,2418.2999999999997,23
99,36230.12,99
861,87795.0,861
5,568.78,5
36,3654.25,36
4,25.0,4
393,47626.85,393
15,2575.9,15
2,119.8,2
3,269.70000000000005,3
67,20146.3,67
13,3473.79,13
43,4489.27,43
4,463.96,4
204,25414.89,204
6,7630.0,6
12,871.8,12
6,887.38,6
2,219.8,2
1,90.0,1
21,1438.11,21
2,77.5,2
1430,179285.45,1430
20,10170.3,20
17,3148.0,17
33,5892.79,33
75,13011.6,75
1195,101372.8,1195
3,832.4100000000001,3
55,14737.84,55
12,1667.0,12
1,174.0,1
12,1642.0,12
172,19709.39,172
157,7866.9,157
172,17546.28,172
214,21859.62,214
9,810.95,9
3,391.15,3
57,8909.48,57
240,25200.03,240
7,453.0,7
1,74.9,1
8,479.2,8
8,245.61,8
1,21.99,1
532,100464.68,532
21,9347.55,21
1,334.99,1
4,1520.0,4
46,7994.45,46
28,2777.7200000000003,28
228,63923.82,228
9,280.88,9
20,1871.7,20
8,1240.5,8
1,51.9,1
141,7821.66,141
5,224.3,5
4,656.77,4
144,28617.79,144
10,863.42,10
21,2912.96,21
26,3662.0,26
1,24.9,1
109,22873.21,109
41,13422.24,41
57,7533.5,57
183,21456.11,183
4,129.45999999999998,4
1,57.99,1
54,3026.0,54
42,5878.0,42
18,5673.0,18
232,32174.22,232
17,2658.9,17
3,138.60000000000002,3
34,7499.900000000001,34
95,6271.9800000000005,95
88,8968.22,88
3016,470759.82,3016
24,5117.79,24
17,3220.7599999999998,17
200,68174.73,200
140,29185.05,140
1,74.99,1
36,3477.7,36
21,862.9,21
3,1026.5,3
240,5986.6,240
26,7914.8,26
65,3418.26,65
3,1332.0,3
21,452.2,21
17,793.9,17
8,4465.34,8
2,450.0,2
14,861.8,14
14,1486.8,14
1,64.9,1
5,1208.0,5
45,2325.9900000000002,45
72,6545.62,72
3,1230.0,3
3,86.6,3
108,10508.83,108
2,108.0,2
35,3622.8900000000003,35
2,19.98,2
11,1641.8,11
22,1190.87,22
250,28698.05,250
158,38340.76,158
2,218.9,2
11,1349.1,11
50,16104.12,50
197,23647.96,197
644,87498.76,644
72,10076.55,72
6,223.32,6
8,822.7,8
46,4705.29,46
33,9385.699999999999,33
115,22979.63,115
14,2430.0,14
23,416.18,23
6,308.96000000000004,6
2,150.8,2
286,37946.62,286
1,27.9,1
2,199.98,2
1,29.99,1
2,233.89,2
22,17522.0,22
10,1252.0,10
259,37153.4,259
3,763.1,3
1,49.99,1
22,2449.49,22
1156,229472.63,1156
63,9978.75,63
2362,329494.38,2362
4,368.6,4
7,1322.93,7
2,739.0,2
339,36836.369999999995,339
40,3610.7000000000003,40
1,102.0,1
7750,624592.9400000001,7750
60,6674.0,60
8,382.83,8
3,314.96000000000004,3
21,8865.47,21
770,101901.16,770
9,3221.5,9
14,1173.6,14
8,578.1999999999999,8
1,48.9,1
8,3636.88,8
292,33964.1,292
37,9784.5,37
74,7268.0,74
2,244.0,2
5,1541.9,5
1,249.0,1
4,512.0,4
1,299.89,1
4,124.6,4
17,399.0,17
11,1397.8400000000001,11
263,33142.73,263
23,10723.08,23
185,14989.67,185
2,60.0,2
3,488.88,3
8,917.0,8
77,10241.74,77
3,201.5,3
1,175.0,1
1653,230568.12,1653
482,68624.91,482
3,174.70000000000002,3
270,54824.22,270
4,307.6,4
29,1641.0,29
2,1400.0,2
137,13719.06,137
954,92653.77,954
9,179.9,9
7,1468.4,7
2,318.0,2
109,10917.41,109
67,4163.5,67
68,3266.6,68
101,5039.9,101
4,1280.0,4
1,354.9,1
11,3415.7,11
5,314.51,5
217,24914.23,217
1,14.63,1
442,47587.49,442
8,1182.26,8
4,158.78,4
10,1695.49,10
4,1519.96,4
670,86892.22,670
129,15615.09,129
275,30681.69,275
92,13154.7,92
1,39.9,1
122,52623.84,122
3,1692.0,3
49,5274.1,49
12,1328.02,12
6,501.20000000000005,6
67,9549.49,67
2,165.8,2
251,17246.81,251
3,1459.97,3
10,512.96,10
411,225525.05,411
6,298.7,6
106,9195.220000000001,106
933,112472.92,933
40,4490.18,40
404,100689.59,404
10,1711.5,10
142,15960.95,142
8,6729.5,8
16,2284.98,16
43,25685.399999999998,43
1,13.0,1
55,6693.6900000000005,55
10,514.27,10
23,2222.98,23
16,14368.61,16
3,1177.0,3
19,623.7,19
4,1716.0,4
15,3578.0,15
1,169.9,1
21,1632.49,21
1,92.9,1
11,1548.9,11
232,34358.69,232
2220,207257.51,2220
21,2658.45,21
26,8757.98,26
491,29088.75,491
2,734.99,2
1,59.99,1
80,6182.61,80
1,98.0,1
3,339.70000000000005,3
1,249.9,1
61,1822.11,61
78,13132.2,78
36,3983.1600000000003,36
38,2411.3,38
14,1104.7,14
403,45803.89,403
1,54.0,1
231,60059.25,231
53,3357.86,53
33,2666.7000000000003,33
4,139.96,4
6,1499.94,6
269,29052.53,269
44,2338.25,44
142,27359.9,142
6,3849.14,6
39,3075.24,39
11,457.0,11
26,4353.9,26
7,678.0,7
39,6576.0,39
131,22710.05,131
5,509.5,5
1,269.9,1
48,8470.7,48
87,27347.56,87
90,62579.26,90
71,7440.599999999999,71
11,1154.35,11
13,705.34,13
8,1077.8000000000002,8
2,594.0,2
146,32312.62,146
1,66.64,1
31,5788.52,31
3,231.89999999999998,3
3,57.0,3
6,839.4000000000001,6
1,185.0,1
605,99693.57,605
4,1235.1599999999999,4
3,389.64,3
16,2877.7,16
18,1622.74,18
1,139.0,1
9,10220.5,9
40,4844.65,40
1,9.99,1
1,125.0,1
31,6911.71,31
25,4537.6,25
5,277.67,5
2,175.0,2
17,1872.79,17
14,3266.6,14
1,86.5,1
3,172.8,3
10,301.57,10
167,15198.300000000001,167
43,9392.06,43
7,2344.98,7
9,1294.97,9
7,622.0,7
708,42923.35,708
3,195.74,3
3,182.70000000000002,3
13,330.9,13
447,48319.72,447
840,117649.8,840
4,759.0,4
26,3072.3,26
167,22834.03,167
4,989.74,4
11,765.19,11
5,241.5,5
8,1135.2,8
1903,212677.82,1903
1,79.9,1
175,21712.9,175
14,1582.29,14
1,79.39,1
165,8526.04,165
120,6906.99,120
33,8311.88,33
23,2138.51,23
97,9478.300000000001,97
28,2042.98,28
802,104088.3,802
16,1369.7,16
226,14274.18,226
15,1320.7,15
6,3579.94,6
4,336.0,4
1,49.9,1
165,47928.68,165
2,210.0,2
1333,87374.63,1333
7,489.92999999999995,7
7,671.5,7
1,202.89,1
424,44594.39,424
66,12333.390000000001,66
401,85376.0,401
76,16786.84,76
1,19.99,1
50,4956.96,50
231,17266.56,231
2269,275976.44,2269
39,1208.0,39
2,153.6,2
268,56363.24,268
8,3694.0,8
1,267.0,1
118,14094.130000000001,118
1,229.9,1
2442,358413.59,2442
5,721.89,5
5,315.70000000000005,5
2,789.8,2
3,79.69999999999999,3
208,16890.25,208
16,822.58,16
6,1341.45,6
18,4278.75,18
2,60.0,2
14,3656.3,14
184,29840.68,184
8,344.2,8
1,100.9,1
112,11983.28,112
7,1217.9,7
1346,126274.45,1346
119,20642.48,119
15,1772.45,15
9,855.91,9
295,22090.34,295
350,112500.31,350
1,80.9,1
2,537.76,2
3,388.0,3
4,1205.88,4
4,164.96,4
105,11946.2,105
4,246.0,4
12,2381.0,12
9,302.1,9
38,2716.52,38
169,20228.04,169
2964,228561.6,2964
13,567.79,13
62,21992.78,62
2,376.8,2
16,2575.9,16
21,3654.0,21
562,45479.63,562
2,1598.0,2
52,10309.42,52
9,598.4,9
16,2201.1,16
1125,179363.91,1125
2,186.69,2
169,55010.63,169
165,16994.96,165
2,1154.0,2
376,37503.31,376
2,287.0,2
50,4970.83,50
53,5370.8,53
66,8711.4,66
150,13887.18,150
25,1191.75,25
4,499.6,4
2579,195863.38,2579
803,89291.04,803
158,18539.24,158
7,604.8,7
13,5475.9,13
119,15082.1,119
405,36408.95,405
2,594.98,2
1,39.0,1
9,5279.91,9
27983,2702878.14,27983
106,8791.7,106
5,299.5,5
1,390.0,1
7,256.39,7
1,169.9,1
36,4907.31,36
13,728.79,13
99,9456.77,99
48,8599.0,48
1,61.9,1
2,358.0,2
1,29.9,1
15,346.59999999999997,15
185,26049.45,185
2,47.8,2
1,730.0,1
10,1535.2,10
64,8285.42,64
10,473.27,10
198,26065.8,198
1,355.0,1
18,12227.82,18
3,149.7,3
278,12514.699999999999,278
55,7784.5,55
24,1812.96,24
2,578.0,2
17,11423.6,17
586,64421.04,586
39,4910.2,39
12,1045.47,12
608,195825.21,608
88,22388.13,88
8,1372.3,8
39,4777.47,39
78,5788.62,78
3,175.7,3
1,29.8,1
16,1715.89,16
13,1912.15,13
59,4198.88,59
68,5149.88,68
78,13533.65,78
12,2522.0,12
233,130342.09,233
7,973.6,7
11,1552.27,11
114,10574.95,114
15,7058.0,15
23,2511.5,23
1,64.9,1
41,3716.57,41
3,149.79,3
263,23103.24,263
1,139.9,1
13,596.55,13
108,3714.83,108
3,302.06,3
3,261.70000000000005,3
34,7807.33,34
85,13735.41,85
229,40572.87,229
19,1471.54,19
49,16401.260000000002,49
416,47959.43,416
193,37478.28,193
1,41.9,1
22,2442.71,22
1,29.99,1
90,8576.39,90
12,1750.5,12
16,2489.3,16
29,9630.05,29
2,658.0,2
34,701.54,34
12,1041.3,12
9,1322.31,9
38,6381.78,38
2,90.98,2
8,1597.3,8
81,17568.08,81
1,98.0,1
225,9027.4,225
44,25277.8,44
303,76885.4,303
22,8405.89,22
23,3507.9700000000003,23
3,2217.99,3
156,12954.79,156
262,20056.34,262
138,21107.47,138
8,2297.0499999999997,8
2,360.0,2
